direction,goal,present,alpha_deg,beta_deg
-1,2300,2296,0.3067356426121722,5.431995723283302
-1,2200,2211,0.23041850071690734,4.977370536934448
-1,2100,2089,0.31490268649126074,3.563307143254953
-1,2000,2002,0.3480192503678372,3.050220361495523
-1,1900,1895,0.3688735496436564,1.5715347656163994
-1,1800,1806,0.38945883543197546,1.0131751058992033
-1,1700,1688,0.3971178269639166,-0.4163091741695836
-1,1600,1613,0.4204235291732772,-0.9330775801997986
-1,1500,1486,0.5997973000628646,-3.0701343758417714
-1,1400,1404,0.4774696985085551,-3.565799290812414
-1,1300,1294,0.5760915586857958,-4.715589203938597
-1,1200,1202,0.5451541227305223,-5.442669185568973
-1,1100,1093,0.6758457440988501,-6.768756421483095
-1,1000,998,0.40932246122003624,-7.388227121566338
-1,900,900,0.5277011457638674,-8.375927676575444
-1,800,803,0.5638047207069654,-8.387446521333272
-1,700,716,0.6393598003546674,-8.367501310875028
1,2300,2301,0.49266471215063223,-1.739487247703582
1,2400,2391,0.4665026407788424,-1.0869754281466069
1,2500,2508,0.4552016936372866,0.2938637979836254
1,2600,2596,0.45472463989682477,0.9339185658148983
1,2700,2705,0.4766966195062828,2.0927026742784296
1,2800,2797,0.40949801540773717,2.9541063006639297
1,2900,2906,0.4157105447227685,4.076137805123537
1,3000,2991,0.43785610671180025,4.817383315152811
1,3100,3114,0.3080616550355831,6.358327748787679
1,3200,3197,0.40119538679971695,6.930432674235604
1,3300,3311,0.38239597802587316,8.13183455613061
1,3400,3397,0.3090293163661606,8.8516414213109
1,3500,3511,0.36866208326100686,9.84648957324925
1,3600,3603,0.21779343166650844,10.427513141226358
1,3700,3697,0.30092338066831387,10.60470771894194
1,3800,3801,0.29232353868300887,10.612777011884628
